{
  "hash": "8c09baf8c026426d4c9b2689f50f4745",
  "result": {
    "engine": "knitr",
    "markdown": "---\ntitle: \"Random R and Python Examples\"\n---\n\n\nThis is a Quarto website.\n\nTo learn more about Quarto websites visit <https://quarto.org/docs/websites>.\n\n## R Example\n\n\n::: {.cell}\n\n```{.r .cell-code}\nsample<-rnorm(1e6)\nhist(sample, 100)\n```\n\n::: {.cell-output-display}\n![](about_files/figure-html/unnamed-chunk-1-1.png){width=672}\n:::\n:::\n\n\n## Python Example\n\n\n::: {.cell}\n\n```{.python .cell-code}\n[x**2 for x in range(1,6)]\n```\n\n::: {.cell-output .cell-output-stdout}\n\n```\n[1, 4, 9, 16, 25]\n```\n\n\n:::\n:::\n",
    "supporting": [
      "about_files"
    ],
    "filters": [
      "rmarkdown/pagebreak.lua"
    ],
    "includes": {},
    "engineDependencies": {},
    "preserve": {},
    "postProcess": true
  }
}