{"title":"Sample Lecture Notes","markdown":{"yaml":{"title":"Sample Lecture Notes","subtitle":"MAT 2630 Numerical Methods","date":"April 30, 2024","format":{"html":{"code-fold":true,"toc":true,"self-contained":true}},"bibliography":"references.bib"},"headingText":"Interactive Visualizations with Plotly","containsRefs":false,"markdown":"\n\n\nIn @fig-surface, we create an interactive 3D visualization of a surface plot, annotated with contour lines.\n\n```{r, echo=FALSE, fig.width=10, fig.height=8, message=FALSE, warning=FALSE}\n#| fig-cap: Displaying $g(y,z)=e^{-z}\\sin(y)$ as a surface plot annotated with contour lines.\n#| label: fig-surface\nlibrary(mosaicCalc)\nlibrary(mosaic)\n\nsurface_plot(exp(-z)*sin(y) ~ y & z, bounds(y=-6:6, z=0:2))\n```\n\n## The Euler Methods and Variants\n\n## The Explicit Euler Method\n\nThe Explicit Euler Method is also known as the forward Euler Method.\n\nConsider the general form of an explicitly defined first order ODE:\n\n$$\\frac{dS(t)}{dt} = F(t,S(t))$$\n\nThat is, $F$ is a function that returns the derivative of a state given a time and state value.\n\nLet $t$ be a numerical grid of the interval $[t_0, t_f]$ with spacing $h$. Without loss of generality, we assume that $t_0 = 0$, and that $t_f = Nh$ for some positive integer, $N$.\n\nThe linear approximation (tangent line) of $S(t)$ around $t_j$ at $t_{j+1}$ is\n\n$$S(t_{j+1}) = S(t_j) + (t_{j+1} - t_j)S'(t_j),$$\n\nwhich can also be written as:\n\n$$S(t_{j+1}) = S(t_j) + hF(t_j, S(t_j)). \\quad \\text{Explicit Euler Formula}$$ {#eq-fwd-euler}\n\nEquation @eq-fwd-euler is called the **Explicit Euler Formula**, and it allows us to compute an approximation for the state at $S(t_{j+1})$ given the state at $S(t_j)$. Starting from a given initial value of $S_0 = S(t_0)$, we can use this formula to integrate the states up to $S(t_f)$; these $S(t)$ values are then an approximation for the solution of the differential equation. The Explicit Euler formula is the simplest and most intuitive method for solving initial value problems. At any state $(t_j, S(t_j))$ it uses $F$ at that state to \"point\" toward the next state and then moves in that direction a distance of $h$. See @fig-euler1.\n\nAlthough there are more sophisticated and accurate methods for solving these problems, they all have the same fundamental structure. As such, we enumerate explicitly the steps for solving an initial value problem using the Explicit Euler formula.\n\n![The illustration of the explicit Euler method.](images/Euler-method-illustration.png){#fig-euler1 width=\"50%\"}\n\n> Add a reference by DOI: https://doi.org/10.1142/12031\n\n**Reference**: [@lambers2020]\n\n**WHAT IS HAPPENING?** Assume we are given a function $F(t, S(t))$ that computes $\\frac{dS(t)}{dt}$, a numerical grid, $t$, of the interval, $[t_0, t_f]$, and an initial state value $S_0 = S(t_0)$. We can compute $S(t_j)$ for every $t_j$ in $t$ using the following steps.\n\n1.  Store $S_0 = S(t_0)$ in an array, $S$.\n2.  Compute $S(t_1) = S_0 + hF(t_0, S_0)$.\n3.  Store $S_1 = S(t_1)$ in $S$.\n4.  Compute $S(t_2) = S_1 + hF(t_1, S_1)$.\n5.  Store $S_2 = S(t_1)$ in $S$.\n6.  $\\cdots$\n7.  Compute $S(t_f) = S_{f-1} + hF(t_{f-1}, S_{f-1})$.\n8.  Store $S_f = S(t_f)$ in $S$.\n9.  $S$ is an approximation of the solution to the initial value problem.\n\nWhen using a method with this structure, we say the method **integrates** the solution of the ODE.\n\n::: {#exm-1}\nThe differential equation\n\n$$\\frac{df(t)}{dt} = e^{-t}$$\n\nwith initial condition $f_0 = -1$ has the exact solution $f(t) = -e^{-t}$. Approximate the solution to this initial value problem between 0 and 1 in increments of 0.1 using the Explicit Euler Formula. Plot the difference between the approximated solution and the exact solution.\n:::\n\n::: solution\n```{python}\nimport numpy as np\nimport matplotlib.pyplot as plt\n\n# Define functions\nf_exact = lambda t: -np.exp(-t) # Exact Solution\nF = lambda t, f: np.exp(-t)  # F(t,f) = df(t)/dt\nh = 0.1 # Step size\nt = np.arange(0, 1 + h, h) # Numerical grid\nf0 = -1 # Initial Condition of f(t)\n\n# Explicit Euler Method\nf = np.zeros(len(t))\nf[0] = f0\n\nfor i in range(0, len(t) - 1):\n  f[i + 1] = f[i] + h*F(t[i], f[i])\n\nplt.figure(figsize = (8, 6))\nplt.plot(t, f, 'bo--', label='Approximate')\nplt.plot(t, f_exact(t), 'g', label='Exact')\nplt.title('Approximate and Exact Solution for Simple ODE')\nplt.xlabel('t')\nplt.ylabel('f(t)')\nplt.grid()\nplt.legend(loc='lower right')\nplt.show()\n```\n:::\n\nIn the above figure, we can see each dot is one approximation based on the previous dot in a linear fashion. From the initial value, we can eventually get an approximation of the solution on the numerical grid. If we repeat the process for $h = 0.01$, we get a better approximation for the solution:\n\n```{python}\nh = 0.01 # Step size\nt = np.arange(0, 1 + h, h) # Numerical grid\nf0 = -1 # Initial Condition\n\n# Explicit Euler Method\nf = np.zeros(len(t))\nf[0] = f0\n\nfor i in range(0, len(t) - 1):\n  f[i + 1] = f[i] + h*F(t[i], f[i])\n\nplt.figure(figsize = (8, 6))\nplt.plot(t, f, 'b--', label='Approximate')\nplt.plot(t, -np.exp(-t), 'g', label='Exact')\nplt.title('Approximate and Exact Solution for Simple ODE')\nplt.xlabel('t')\nplt.ylabel('f(t)')\nplt.grid()\nplt.legend(loc='lower right')\nplt.show()\n```\n\n::: {#exr-1}\nSolve numerically the IVP using the Explicit Euler Method over the interval $[0,1]$:\n\n$$\\frac{dy}{dt}=ty+t^3, \\, y(0)=1$$\n\nThe exact solution can be obtained using the methods for solving ODEs, and it is the following function:\n\n$$y(t)=3e^{t^2/2}-t^2-2$$\n\nCompare the exact and approximate solutions by plotting them on the same plot over $[0,1]$.\n:::\n\n::: solution\n```{python}\nimport numpy as np\nimport matplotlib.pyplot as plt\n\n# exact solution \ndef sol(t):\n    return 3 * np.exp(t**2 / 2) - t**2 - 2\n\n# Function for the right-hand side of the ODE\ndef f(t, y):\n    return t * y + t**3\n\n# Step size\nh = 0.01\n\n# Discretization of the independent variable t\nt = np.arange(0, 1 + h, h)  # Including endpoint\n\n# Initialize the discrete solution vector\ny = np.zeros(len(t))\ny[0] = 1  # Set initial condition (note Python's 0-based indexing)\n\n# Implementing the Explicit Euler Method\nfor k in range(1, len(t)):\n    y[k] = y[k - 1] + h * f(t[k - 1], y[k - 1])\n\n# Plotting the theoretical solution\nplt.figure(figsize=(8, 6))\nplt.plot(t, sol(t), label='Exact Solution', color='blue', linewidth=3)\n\n# Plotting the numerical solution\nplt.scatter(t, y, color='red', s=20, label='Numerical Solution (Euler Method)')  # using scatter for points\nplt.title(\"Solution of Differential Equation\")\nplt.xlabel(\"t\")\nplt.ylabel(\"y\")\nplt.grid()\nplt.legend()\nplt.show()\n```\n\n1.  **Function `sol`**: This function is the exact solution of this IVP.\n2.  **Function `f`**: Represents the right-hand side of the differential equation `dy/dt = t * y + t^3`.\n3.  **Step size and discretization**: The R code defines a step size `h` and creates a sequence of time points `t` from 0 to 1 with step size `h`.\n4.  **Initialization of solution vector**: An array `y` is initialized to store the solution, with the initial condition `y[0]` set to 1.\n5.  **Explicit Euler Method**: A for loop updates the solution vector `y` using the explicit Euler formula.\n6.  **Plotting results and adding grid**: The numerical solution is plotted and a grid is added for better visualization.\n:::\n\n## The Implicit Euler Method\n\nThe Explicit Euler Formula is called \"explicit\" because it only requires information at $t_j$ to compute the state at $t_{j+1}$. That is, $S(t_{j+1})$ can be written explicitly in terms of values we have (i.e., $t_j$ and $S(t_j)$). The **Implicit Euler Formula** can be derived by taking the linear approximation of $S(t)$ around $t_{j+1}$ and computing it at $t_j$:\n\n$$\nS(t_{j+1}) = S(t_j) + hF(t_{j+1}, S(t_{j+1})). \\quad \\text{(Implicit Euler Formula)}\n$$\n\nThis formula is peculiar because it requires that we know $S(t_{j+1})$ to compute $S(t_{j+1})$! However, it happens that sometimes we *can* use this formula to approximate the solution to initial value problems. The Implicit Euler Method is also known as the **backward Euler Method**. It is a numerical method for solving ordinary differential equations (ODEs).\n\nHere's a simple example of how to solve an initial value problem (IVP) using the Implicit Euler Method.\n\n::: {#exr-2}\nConsider the differential equation:\n\n$$\\frac{dy}{dt} = -3y$$ with the initial condition $y(0) = 1$.\n:::\n\n::: solution\nThis is a simple linear ODE where the exact solution is $y(t) = e^{-3t}$. We'll use the Implicit Euler Method to approximate the solution over the interval $t \\in [0, 1]$ with a step size $h$.\n\n**Implicit Euler Formula**\n\nThe Implicit Euler update formula is:\n\n$$y_{n+1} = y_n + h \\cdot f(t_{n+1}, y_{n+1})$$\n\nFor our specific equation $\\frac{dy}{dt} = -3y$, it becomes:\n\n$$y_{n+1} = y_n - 3h \\cdot y_{n+1}$$\n\nRearranging to solve for $y_{n+1}$:\n\n$$y_{n+1} + 3h \\cdot y_{n+1} = y_n$$\n\n$$y_{n+1} (1 + 3h) = y_n$$\n\n$$y_{n+1} = \\frac{y_n}{1 + 3h}$$\n\n**Python Implementation**\n\nLet's calculate the solution with a step size $h = 0.1$ over the interval from 0 to 1.\n\n```{python}\nimport numpy as np\nimport matplotlib.pyplot as plt\n\n# Parameters\nh = 0.1\nt_end = 1\ny0 = 1\n\n# Time steps using np.arange\nt = np.arange(0, t_end + h, h)  # Include t_end by adding h\n\n# Initialize the array for y\ny = np.zeros(len(t))\ny[0] = y0\n\n# Implicit Euler method\nfor n in range(len(t) - 1):\n    y[n + 1] = y[n] / (1 + 3 * h)\n\n# Exact solution for comparison\ny_exact = np.exp(-3 * t)\n\n# Plotting\nplt.figure(figsize=(8, 6))\nplt.plot(t, y, 'o-', label='Implicit Euler Approximation')\nplt.plot(t, y_exact, 'k--', label='Exact Solution')\nplt.title('Solution of dy/dt = -3y using Implicit Euler Method')\nplt.xlabel('Time t')\nplt.ylabel('y(t)')\nplt.legend()\nplt.grid()\nplt.show()\n```\n:::\n\n## Trapezoidal Euler Formula\n\nThe **Trapezoidal Euler Formula** is the average of the Explicit and Implicit Euler Formulas:\n\n$$\nS(t_{j+1}) = S(t_j) + \\frac{h}{2}(F(t_j, S(t_j)) + F(t_{j+1}, S(t_{j+1}))). \\quad \\text{(Trapezoidal Formula)}\n$$\n\nThe Euler Trapezoidal Formula, also known as the Trapezoidal Rule or Heun's Method, is another approach for numerically solving ordinary differential equations (ODEs). This method can be thought of as a predictor-corrector scheme where an initial prediction using the forward Euler method is corrected by averaging the function values at the beginning and end of the interval.\n\nFor the same example as before:\n\n$$\\frac{dy}{dt} = -3y$$\n\nwith the initial condition $y(0) = 1$, let's implement the solution using the Trapezoidal Rule over the interval $t \\in [0, 1]$ with a step size $h = 0.1$.\n\n**Trapezoidal Rule Formula**\n\nThe trapezoidal update formula is:\n\n$$y_{n+1} = y_n + \\frac{h}{2} \\left( f(t_n, y_n) + f(t_{n+1}, y_{n+1}^{pred}) \\right)$$\n\nwhere $y_{n+1}^{pred}$ is the prediction from the forward Euler method:\n\n$$y_{n+1}^{pred} = y_n + h \\cdot f(t_n, y_n)$$\n\nFor the ODE $\\frac{dy}{dt} = -3y$, the formula becomes:\n\n$$y_{n+1} = y_n + \\frac{h}{2} \\left( - 3y_n - 3y_{n+1}^{pred} \\right)$$\n\n$$y_{n+1} = y_n - \\frac{3h}{2} \\left( y_n + y_{n+1}^{pred} \\right)$$\n\n$$y_{n+1}^{pred} = y_n - 3h y_n$$\n\n$$y_{n+1} = y_n - \\frac{3h}{2} \\left( y_n + y_n - 3h y_n \\right)$$\n\n**Implementation in Python**\n\n```{python}\nimport numpy as np\nimport matplotlib.pyplot as plt\n\n# Parameters\nh = 0.1\nt_end = 1\ny0 = 1\n\n# Time steps\nt = np.arange(0, t_end + h, h)\n\n# Initialize the array for y\ny = np.zeros(len(t))\ny[0] = y0\n\n# Trapezoidal Rule method\nfor n in range(len(t) - 1):\n    y_pred = y[n] - 3 * h * y[n]  # Predictor step\n    y[n + 1] = y[n] - 1.5 * h * (y[n] + y_pred)  # Corrector step\n\n# Exact solution for comparison\ny_exact = np.exp(-3 * t)\n\n# Plotting\nplt.figure(figsize=(8, 6))\nplt.plot(t, y, 'o-', label='Trapezoidal Rule Approximation')\nplt.plot(t, y_exact, 'k--', label='Exact Solution')\nplt.title('Solution of dy/dt = -3y using Trapezoidal Rule')\nplt.xlabel('Time t')\nplt.ylabel('y(t)')\nplt.legend()\nplt.grid()\nplt.show()\n```\n\n**Explanation:**\n\n-   **Predictor Step**: Using the forward Euler method, we predict $y_{n+1}$.\n-   **Corrector Step**: We then use the average of the derivatives at $t_n$ and $t_{n+1}$ based on the prediction to correct $y_{n+1}$.\n-   **Plotting**: This plots both the numerical solution using the Trapezoidal Rule and the exact solution, showing how closely the numerical method approximates the true solution.\n\nThis approach is generally more accurate than the basic Euler methods and is particularly useful for problems where higher numerical stability is desired.\n\n## Python ODE Solvers\n\nIn *scipy*, there are several built-in functions for solving initial value problems. The most common one used is the `scipy.integrate.solve_ivp` function. The function construction are shown below:\n\n**CONSTRUCTION:**\n\nLet $F$ be a function object to the function that computes\n\n$$\\frac{dS(t)}{dt} = F(t, S(t)), \\quad S(t_0)=S_0$$ Here $t$ is a one-dimensional independent variable (time), $S(t)$ is an n-dimensional vector-valued function (state), and the $F(t, S(t))$ defines the differential equations. $S_0$ be an initial value for $S$. The function $F$ *must* have the form $F(t, S)$, although the name does not have to be $F$. The goal is to find the $S(t)$ approximately satisfying the differential equations, given the initial value $S(t_0)=S_0$.\n\nThe way we use the solver to solve the differential equation is:\n\n`solve_ivp(fun, t_span, s0, method = 'RK45', t_eval=None)`\n\nwhere $fun$ takes in the function in the right-hand side of the system. $t\\_span$ is the interval of integration $(t0, tf)$, where $t0$ is the start and $tf$ is the end of the interval. $s0$ is the initial state. There are a couple of methods that we can choose, the default is 'RK45', which is the explicit Runge-Kutta method of order 5(4). There are other methods you can use as well, see the end of this section for more information. $t\\_eval$ takes in the times at which to store the computed solution, and must be sorted and lie within $t\\_span$.\n\nLet's try one example below.\n\n::: {#exm-cos}\nConsider the ODE\n\n$$\n\\frac{dS(t)}{dt}=\\cos(t)\n$$\n\nfor an initial value $S_0 = 0$. The exact solution to this problem is $S(t) = \\sin(t)$. Use *solve_ivp* to approximate the solution to this initial value problem over the interval $[0, \\pi]$. Plot the approximate solution versus the exact solution and the relative error over time.\n\n```{python}\nimport matplotlib.pyplot as plt\nimport numpy as np\nfrom scipy.integrate import solve_ivp\n\nF = lambda t, s: np.cos(t)\n\nt_eval = np.arange(0, np.pi, 0.1)\nsol = solve_ivp(F, [0, np.pi], [0], t_eval=t_eval)\n\nplt.figure(figsize = (9, 4))\nplt.subplot(121)\nplt.plot(sol.t, sol.y[0])\nplt.xlabel('t')\nplt.ylabel('S(t)')\nplt.subplot(122)\nplt.plot(sol.t, sol.y[0] - np.sin(sol.t))\nplt.xlabel('t')\nplt.ylabel('S(t) - sin(t)')\nplt.tight_layout()\nplt.show()\n```\n\nThe above left figure shows the integration of $\\frac{dS(t)}{dt}=\\cos(t)$ with *solve_ivp*. The right figure computes the difference between the solution of the integration by *solve_ivp* and the evalution of the analytical solution to this ODE. As can be seen from the figure, the difference between the approximate and exact solution to this ODE is small. Also, we can control the relative and absolute tolerances using the *rtol* and *atol* arguments, the solver keeps the local error estimates less than $atol + rtol*abs(S)$. The default values are 1e-3 for rtol and 1e-6 for atol.\n\n**TRY IT!** Using the *rtol* and *atol* to make the difference between the approximate and exact solution is less than 1e-7.\n\n```{python}\nsol = solve_ivp(F, [0, np.pi], [0], t_eval=t_eval, rtol = 1e-8, atol = 1e-8)\n\nplt.figure(figsize = (9, 4))\nplt.subplot(121)\nplt.plot(sol.t, sol.y[0])\nplt.xlabel('t')\nplt.ylabel('S(t)')\nplt.subplot(122)\nplt.plot(sol.t, sol.y[0] - np.sin(sol.t))\nplt.xlabel('t')\nplt.ylabel('S(t) - sin(t)')\nplt.tight_layout()\nplt.show()\n```\n:::\n\n::: {#exm-exp}\nConsider the ODE\n\n$$\n\\frac{dS(t)}{dt} = -S(t),\n$$\n\nwith an initial value of $S_0 = 1$. The exact solution to this problem is $S(t) = e^{-t}$. Use *solve_ivp* to approximate the solution to this initial value problem over the interval $[0, 1]$. Plot the approximate solution versus the exact solution, and the relative error over time.\n\n```{python}\nF = lambda t, s: -s\n\nt_eval = np.arange(0, 1.01, 0.01)\nsol = solve_ivp(F, [0, 1], [1], t_eval=t_eval)\n\nplt.figure(figsize = (9, 4))\nplt.subplot(121)\nplt.plot(sol.t, sol.y[0])\nplt.xlabel('t')\nplt.ylabel('S(t)')\nplt.subplot(122)\nplt.plot(sol.t, sol.y[0] - np.exp(-sol.t))\nplt.xlabel('t')\nplt.ylabel('S(t) - exp(-t)')\nplt.tight_layout()\nplt.show()\n```\n\nThe above figure shows the corresponding numerical results. As in the previous example, the difference between the result of *solve_ivp* and the evaluation of the analytical solution by Python is very small in comparison to the value of the function.\n:::\n","srcMarkdownNoYaml":"\n\n## Interactive Visualizations with Plotly\n\nIn @fig-surface, we create an interactive 3D visualization of a surface plot, annotated with contour lines.\n\n```{r, echo=FALSE, fig.width=10, fig.height=8, message=FALSE, warning=FALSE}\n#| fig-cap: Displaying $g(y,z)=e^{-z}\\sin(y)$ as a surface plot annotated with contour lines.\n#| label: fig-surface\nlibrary(mosaicCalc)\nlibrary(mosaic)\n\nsurface_plot(exp(-z)*sin(y) ~ y & z, bounds(y=-6:6, z=0:2))\n```\n\n## The Euler Methods and Variants\n\n## The Explicit Euler Method\n\nThe Explicit Euler Method is also known as the forward Euler Method.\n\nConsider the general form of an explicitly defined first order ODE:\n\n$$\\frac{dS(t)}{dt} = F(t,S(t))$$\n\nThat is, $F$ is a function that returns the derivative of a state given a time and state value.\n\nLet $t$ be a numerical grid of the interval $[t_0, t_f]$ with spacing $h$. Without loss of generality, we assume that $t_0 = 0$, and that $t_f = Nh$ for some positive integer, $N$.\n\nThe linear approximation (tangent line) of $S(t)$ around $t_j$ at $t_{j+1}$ is\n\n$$S(t_{j+1}) = S(t_j) + (t_{j+1} - t_j)S'(t_j),$$\n\nwhich can also be written as:\n\n$$S(t_{j+1}) = S(t_j) + hF(t_j, S(t_j)). \\quad \\text{Explicit Euler Formula}$$ {#eq-fwd-euler}\n\nEquation @eq-fwd-euler is called the **Explicit Euler Formula**, and it allows us to compute an approximation for the state at $S(t_{j+1})$ given the state at $S(t_j)$. Starting from a given initial value of $S_0 = S(t_0)$, we can use this formula to integrate the states up to $S(t_f)$; these $S(t)$ values are then an approximation for the solution of the differential equation. The Explicit Euler formula is the simplest and most intuitive method for solving initial value problems. At any state $(t_j, S(t_j))$ it uses $F$ at that state to \"point\" toward the next state and then moves in that direction a distance of $h$. See @fig-euler1.\n\nAlthough there are more sophisticated and accurate methods for solving these problems, they all have the same fundamental structure. As such, we enumerate explicitly the steps for solving an initial value problem using the Explicit Euler formula.\n\n![The illustration of the explicit Euler method.](images/Euler-method-illustration.png){#fig-euler1 width=\"50%\"}\n\n> Add a reference by DOI: https://doi.org/10.1142/12031\n\n**Reference**: [@lambers2020]\n\n**WHAT IS HAPPENING?** Assume we are given a function $F(t, S(t))$ that computes $\\frac{dS(t)}{dt}$, a numerical grid, $t$, of the interval, $[t_0, t_f]$, and an initial state value $S_0 = S(t_0)$. We can compute $S(t_j)$ for every $t_j$ in $t$ using the following steps.\n\n1.  Store $S_0 = S(t_0)$ in an array, $S$.\n2.  Compute $S(t_1) = S_0 + hF(t_0, S_0)$.\n3.  Store $S_1 = S(t_1)$ in $S$.\n4.  Compute $S(t_2) = S_1 + hF(t_1, S_1)$.\n5.  Store $S_2 = S(t_1)$ in $S$.\n6.  $\\cdots$\n7.  Compute $S(t_f) = S_{f-1} + hF(t_{f-1}, S_{f-1})$.\n8.  Store $S_f = S(t_f)$ in $S$.\n9.  $S$ is an approximation of the solution to the initial value problem.\n\nWhen using a method with this structure, we say the method **integrates** the solution of the ODE.\n\n::: {#exm-1}\nThe differential equation\n\n$$\\frac{df(t)}{dt} = e^{-t}$$\n\nwith initial condition $f_0 = -1$ has the exact solution $f(t) = -e^{-t}$. Approximate the solution to this initial value problem between 0 and 1 in increments of 0.1 using the Explicit Euler Formula. Plot the difference between the approximated solution and the exact solution.\n:::\n\n::: solution\n```{python}\nimport numpy as np\nimport matplotlib.pyplot as plt\n\n# Define functions\nf_exact = lambda t: -np.exp(-t) # Exact Solution\nF = lambda t, f: np.exp(-t)  # F(t,f) = df(t)/dt\nh = 0.1 # Step size\nt = np.arange(0, 1 + h, h) # Numerical grid\nf0 = -1 # Initial Condition of f(t)\n\n# Explicit Euler Method\nf = np.zeros(len(t))\nf[0] = f0\n\nfor i in range(0, len(t) - 1):\n  f[i + 1] = f[i] + h*F(t[i], f[i])\n\nplt.figure(figsize = (8, 6))\nplt.plot(t, f, 'bo--', label='Approximate')\nplt.plot(t, f_exact(t), 'g', label='Exact')\nplt.title('Approximate and Exact Solution for Simple ODE')\nplt.xlabel('t')\nplt.ylabel('f(t)')\nplt.grid()\nplt.legend(loc='lower right')\nplt.show()\n```\n:::\n\nIn the above figure, we can see each dot is one approximation based on the previous dot in a linear fashion. From the initial value, we can eventually get an approximation of the solution on the numerical grid. If we repeat the process for $h = 0.01$, we get a better approximation for the solution:\n\n```{python}\nh = 0.01 # Step size\nt = np.arange(0, 1 + h, h) # Numerical grid\nf0 = -1 # Initial Condition\n\n# Explicit Euler Method\nf = np.zeros(len(t))\nf[0] = f0\n\nfor i in range(0, len(t) - 1):\n  f[i + 1] = f[i] + h*F(t[i], f[i])\n\nplt.figure(figsize = (8, 6))\nplt.plot(t, f, 'b--', label='Approximate')\nplt.plot(t, -np.exp(-t), 'g', label='Exact')\nplt.title('Approximate and Exact Solution for Simple ODE')\nplt.xlabel('t')\nplt.ylabel('f(t)')\nplt.grid()\nplt.legend(loc='lower right')\nplt.show()\n```\n\n::: {#exr-1}\nSolve numerically the IVP using the Explicit Euler Method over the interval $[0,1]$:\n\n$$\\frac{dy}{dt}=ty+t^3, \\, y(0)=1$$\n\nThe exact solution can be obtained using the methods for solving ODEs, and it is the following function:\n\n$$y(t)=3e^{t^2/2}-t^2-2$$\n\nCompare the exact and approximate solutions by plotting them on the same plot over $[0,1]$.\n:::\n\n::: solution\n```{python}\nimport numpy as np\nimport matplotlib.pyplot as plt\n\n# exact solution \ndef sol(t):\n    return 3 * np.exp(t**2 / 2) - t**2 - 2\n\n# Function for the right-hand side of the ODE\ndef f(t, y):\n    return t * y + t**3\n\n# Step size\nh = 0.01\n\n# Discretization of the independent variable t\nt = np.arange(0, 1 + h, h)  # Including endpoint\n\n# Initialize the discrete solution vector\ny = np.zeros(len(t))\ny[0] = 1  # Set initial condition (note Python's 0-based indexing)\n\n# Implementing the Explicit Euler Method\nfor k in range(1, len(t)):\n    y[k] = y[k - 1] + h * f(t[k - 1], y[k - 1])\n\n# Plotting the theoretical solution\nplt.figure(figsize=(8, 6))\nplt.plot(t, sol(t), label='Exact Solution', color='blue', linewidth=3)\n\n# Plotting the numerical solution\nplt.scatter(t, y, color='red', s=20, label='Numerical Solution (Euler Method)')  # using scatter for points\nplt.title(\"Solution of Differential Equation\")\nplt.xlabel(\"t\")\nplt.ylabel(\"y\")\nplt.grid()\nplt.legend()\nplt.show()\n```\n\n1.  **Function `sol`**: This function is the exact solution of this IVP.\n2.  **Function `f`**: Represents the right-hand side of the differential equation `dy/dt = t * y + t^3`.\n3.  **Step size and discretization**: The R code defines a step size `h` and creates a sequence of time points `t` from 0 to 1 with step size `h`.\n4.  **Initialization of solution vector**: An array `y` is initialized to store the solution, with the initial condition `y[0]` set to 1.\n5.  **Explicit Euler Method**: A for loop updates the solution vector `y` using the explicit Euler formula.\n6.  **Plotting results and adding grid**: The numerical solution is plotted and a grid is added for better visualization.\n:::\n\n## The Implicit Euler Method\n\nThe Explicit Euler Formula is called \"explicit\" because it only requires information at $t_j$ to compute the state at $t_{j+1}$. That is, $S(t_{j+1})$ can be written explicitly in terms of values we have (i.e., $t_j$ and $S(t_j)$). The **Implicit Euler Formula** can be derived by taking the linear approximation of $S(t)$ around $t_{j+1}$ and computing it at $t_j$:\n\n$$\nS(t_{j+1}) = S(t_j) + hF(t_{j+1}, S(t_{j+1})). \\quad \\text{(Implicit Euler Formula)}\n$$\n\nThis formula is peculiar because it requires that we know $S(t_{j+1})$ to compute $S(t_{j+1})$! However, it happens that sometimes we *can* use this formula to approximate the solution to initial value problems. The Implicit Euler Method is also known as the **backward Euler Method**. It is a numerical method for solving ordinary differential equations (ODEs).\n\nHere's a simple example of how to solve an initial value problem (IVP) using the Implicit Euler Method.\n\n::: {#exr-2}\nConsider the differential equation:\n\n$$\\frac{dy}{dt} = -3y$$ with the initial condition $y(0) = 1$.\n:::\n\n::: solution\nThis is a simple linear ODE where the exact solution is $y(t) = e^{-3t}$. We'll use the Implicit Euler Method to approximate the solution over the interval $t \\in [0, 1]$ with a step size $h$.\n\n**Implicit Euler Formula**\n\nThe Implicit Euler update formula is:\n\n$$y_{n+1} = y_n + h \\cdot f(t_{n+1}, y_{n+1})$$\n\nFor our specific equation $\\frac{dy}{dt} = -3y$, it becomes:\n\n$$y_{n+1} = y_n - 3h \\cdot y_{n+1}$$\n\nRearranging to solve for $y_{n+1}$:\n\n$$y_{n+1} + 3h \\cdot y_{n+1} = y_n$$\n\n$$y_{n+1} (1 + 3h) = y_n$$\n\n$$y_{n+1} = \\frac{y_n}{1 + 3h}$$\n\n**Python Implementation**\n\nLet's calculate the solution with a step size $h = 0.1$ over the interval from 0 to 1.\n\n```{python}\nimport numpy as np\nimport matplotlib.pyplot as plt\n\n# Parameters\nh = 0.1\nt_end = 1\ny0 = 1\n\n# Time steps using np.arange\nt = np.arange(0, t_end + h, h)  # Include t_end by adding h\n\n# Initialize the array for y\ny = np.zeros(len(t))\ny[0] = y0\n\n# Implicit Euler method\nfor n in range(len(t) - 1):\n    y[n + 1] = y[n] / (1 + 3 * h)\n\n# Exact solution for comparison\ny_exact = np.exp(-3 * t)\n\n# Plotting\nplt.figure(figsize=(8, 6))\nplt.plot(t, y, 'o-', label='Implicit Euler Approximation')\nplt.plot(t, y_exact, 'k--', label='Exact Solution')\nplt.title('Solution of dy/dt = -3y using Implicit Euler Method')\nplt.xlabel('Time t')\nplt.ylabel('y(t)')\nplt.legend()\nplt.grid()\nplt.show()\n```\n:::\n\n## Trapezoidal Euler Formula\n\nThe **Trapezoidal Euler Formula** is the average of the Explicit and Implicit Euler Formulas:\n\n$$\nS(t_{j+1}) = S(t_j) + \\frac{h}{2}(F(t_j, S(t_j)) + F(t_{j+1}, S(t_{j+1}))). \\quad \\text{(Trapezoidal Formula)}\n$$\n\nThe Euler Trapezoidal Formula, also known as the Trapezoidal Rule or Heun's Method, is another approach for numerically solving ordinary differential equations (ODEs). This method can be thought of as a predictor-corrector scheme where an initial prediction using the forward Euler method is corrected by averaging the function values at the beginning and end of the interval.\n\nFor the same example as before:\n\n$$\\frac{dy}{dt} = -3y$$\n\nwith the initial condition $y(0) = 1$, let's implement the solution using the Trapezoidal Rule over the interval $t \\in [0, 1]$ with a step size $h = 0.1$.\n\n**Trapezoidal Rule Formula**\n\nThe trapezoidal update formula is:\n\n$$y_{n+1} = y_n + \\frac{h}{2} \\left( f(t_n, y_n) + f(t_{n+1}, y_{n+1}^{pred}) \\right)$$\n\nwhere $y_{n+1}^{pred}$ is the prediction from the forward Euler method:\n\n$$y_{n+1}^{pred} = y_n + h \\cdot f(t_n, y_n)$$\n\nFor the ODE $\\frac{dy}{dt} = -3y$, the formula becomes:\n\n$$y_{n+1} = y_n + \\frac{h}{2} \\left( - 3y_n - 3y_{n+1}^{pred} \\right)$$\n\n$$y_{n+1} = y_n - \\frac{3h}{2} \\left( y_n + y_{n+1}^{pred} \\right)$$\n\n$$y_{n+1}^{pred} = y_n - 3h y_n$$\n\n$$y_{n+1} = y_n - \\frac{3h}{2} \\left( y_n + y_n - 3h y_n \\right)$$\n\n**Implementation in Python**\n\n```{python}\nimport numpy as np\nimport matplotlib.pyplot as plt\n\n# Parameters\nh = 0.1\nt_end = 1\ny0 = 1\n\n# Time steps\nt = np.arange(0, t_end + h, h)\n\n# Initialize the array for y\ny = np.zeros(len(t))\ny[0] = y0\n\n# Trapezoidal Rule method\nfor n in range(len(t) - 1):\n    y_pred = y[n] - 3 * h * y[n]  # Predictor step\n    y[n + 1] = y[n] - 1.5 * h * (y[n] + y_pred)  # Corrector step\n\n# Exact solution for comparison\ny_exact = np.exp(-3 * t)\n\n# Plotting\nplt.figure(figsize=(8, 6))\nplt.plot(t, y, 'o-', label='Trapezoidal Rule Approximation')\nplt.plot(t, y_exact, 'k--', label='Exact Solution')\nplt.title('Solution of dy/dt = -3y using Trapezoidal Rule')\nplt.xlabel('Time t')\nplt.ylabel('y(t)')\nplt.legend()\nplt.grid()\nplt.show()\n```\n\n**Explanation:**\n\n-   **Predictor Step**: Using the forward Euler method, we predict $y_{n+1}$.\n-   **Corrector Step**: We then use the average of the derivatives at $t_n$ and $t_{n+1}$ based on the prediction to correct $y_{n+1}$.\n-   **Plotting**: This plots both the numerical solution using the Trapezoidal Rule and the exact solution, showing how closely the numerical method approximates the true solution.\n\nThis approach is generally more accurate than the basic Euler methods and is particularly useful for problems where higher numerical stability is desired.\n\n## Python ODE Solvers\n\nIn *scipy*, there are several built-in functions for solving initial value problems. The most common one used is the `scipy.integrate.solve_ivp` function. The function construction are shown below:\n\n**CONSTRUCTION:**\n\nLet $F$ be a function object to the function that computes\n\n$$\\frac{dS(t)}{dt} = F(t, S(t)), \\quad S(t_0)=S_0$$ Here $t$ is a one-dimensional independent variable (time), $S(t)$ is an n-dimensional vector-valued function (state), and the $F(t, S(t))$ defines the differential equations. $S_0$ be an initial value for $S$. The function $F$ *must* have the form $F(t, S)$, although the name does not have to be $F$. The goal is to find the $S(t)$ approximately satisfying the differential equations, given the initial value $S(t_0)=S_0$.\n\nThe way we use the solver to solve the differential equation is:\n\n`solve_ivp(fun, t_span, s0, method = 'RK45', t_eval=None)`\n\nwhere $fun$ takes in the function in the right-hand side of the system. $t\\_span$ is the interval of integration $(t0, tf)$, where $t0$ is the start and $tf$ is the end of the interval. $s0$ is the initial state. There are a couple of methods that we can choose, the default is 'RK45', which is the explicit Runge-Kutta method of order 5(4). There are other methods you can use as well, see the end of this section for more information. $t\\_eval$ takes in the times at which to store the computed solution, and must be sorted and lie within $t\\_span$.\n\nLet's try one example below.\n\n::: {#exm-cos}\nConsider the ODE\n\n$$\n\\frac{dS(t)}{dt}=\\cos(t)\n$$\n\nfor an initial value $S_0 = 0$. The exact solution to this problem is $S(t) = \\sin(t)$. Use *solve_ivp* to approximate the solution to this initial value problem over the interval $[0, \\pi]$. Plot the approximate solution versus the exact solution and the relative error over time.\n\n```{python}\nimport matplotlib.pyplot as plt\nimport numpy as np\nfrom scipy.integrate import solve_ivp\n\nF = lambda t, s: np.cos(t)\n\nt_eval = np.arange(0, np.pi, 0.1)\nsol = solve_ivp(F, [0, np.pi], [0], t_eval=t_eval)\n\nplt.figure(figsize = (9, 4))\nplt.subplot(121)\nplt.plot(sol.t, sol.y[0])\nplt.xlabel('t')\nplt.ylabel('S(t)')\nplt.subplot(122)\nplt.plot(sol.t, sol.y[0] - np.sin(sol.t))\nplt.xlabel('t')\nplt.ylabel('S(t) - sin(t)')\nplt.tight_layout()\nplt.show()\n```\n\nThe above left figure shows the integration of $\\frac{dS(t)}{dt}=\\cos(t)$ with *solve_ivp*. The right figure computes the difference between the solution of the integration by *solve_ivp* and the evalution of the analytical solution to this ODE. As can be seen from the figure, the difference between the approximate and exact solution to this ODE is small. Also, we can control the relative and absolute tolerances using the *rtol* and *atol* arguments, the solver keeps the local error estimates less than $atol + rtol*abs(S)$. The default values are 1e-3 for rtol and 1e-6 for atol.\n\n**TRY IT!** Using the *rtol* and *atol* to make the difference between the approximate and exact solution is less than 1e-7.\n\n```{python}\nsol = solve_ivp(F, [0, np.pi], [0], t_eval=t_eval, rtol = 1e-8, atol = 1e-8)\n\nplt.figure(figsize = (9, 4))\nplt.subplot(121)\nplt.plot(sol.t, sol.y[0])\nplt.xlabel('t')\nplt.ylabel('S(t)')\nplt.subplot(122)\nplt.plot(sol.t, sol.y[0] - np.sin(sol.t))\nplt.xlabel('t')\nplt.ylabel('S(t) - sin(t)')\nplt.tight_layout()\nplt.show()\n```\n:::\n\n::: {#exm-exp}\nConsider the ODE\n\n$$\n\\frac{dS(t)}{dt} = -S(t),\n$$\n\nwith an initial value of $S_0 = 1$. The exact solution to this problem is $S(t) = e^{-t}$. Use *solve_ivp* to approximate the solution to this initial value problem over the interval $[0, 1]$. Plot the approximate solution versus the exact solution, and the relative error over time.\n\n```{python}\nF = lambda t, s: -s\n\nt_eval = np.arange(0, 1.01, 0.01)\nsol = solve_ivp(F, [0, 1], [1], t_eval=t_eval)\n\nplt.figure(figsize = (9, 4))\nplt.subplot(121)\nplt.plot(sol.t, sol.y[0])\nplt.xlabel('t')\nplt.ylabel('S(t)')\nplt.subplot(122)\nplt.plot(sol.t, sol.y[0] - np.exp(-sol.t))\nplt.xlabel('t')\nplt.ylabel('S(t) - exp(-t)')\nplt.tight_layout()\nplt.show()\n```\n\nThe above figure shows the corresponding numerical results. As in the previous example, the difference between the result of *solve_ivp* and the evaluation of the analytical solution by Python is very small in comparison to the value of the function.\n:::\n"},"formats":{"html":{"identifier":{"display-name":"HTML","target-format":"html","base-format":"html"},"execute":{"fig-width":7,"fig-height":5,"fig-format":"retina","fig-dpi":96,"df-print":"default","error":false,"eval":true,"cache":null,"freeze":false,"echo":true,"output":true,"warning":true,"include":true,"keep-md":false,"keep-ipynb":false,"ipynb":null,"enabled":null,"daemon":null,"daemon-restart":false,"debug":false,"ipynb-filters":[],"ipynb-shell-interactivity":null,"plotly-connected":true,"engine":"knitr"},"render":{"keep-tex":false,"keep-typ":false,"keep-source":false,"keep-hidden":false,"prefer-html":false,"output-divs":true,"output-ext":"html","fig-align":"default","fig-pos":null,"fig-env":null,"code-fold":true,"code-overflow":"scroll","code-link":false,"code-line-numbers":false,"code-tools":false,"tbl-colwidths":"auto","merge-includes":true,"inline-includes":false,"preserve-yaml":false,"latex-auto-mk":true,"latex-auto-install":true,"latex-clean":true,"latex-min-runs":1,"latex-max-runs":10,"latex-makeindex":"makeindex","latex-makeindex-opts":[],"latex-tlmgr-opts":[],"latex-input-paths":[],"latex-output-dir":null,"link-external-icon":false,"link-external-newwindow":false,"self-contained-math":false,"format-resources":[],"notebook-links":true},"pandoc":{"standalone":true,"wrap":"none","default-image-extension":"png","to":"html","css":["styles.css"],"toc":true,"self-contained":true,"output-file":"index.html"},"language":{"toc-title-document":"Table of contents","toc-title-website":"On this page","related-formats-title":"Other Formats","related-notebooks-title":"Notebooks","source-notebooks-prefix":"Source","other-links-title":"Other Links","code-links-title":"Code Links","launch-dev-container-title":"Launch Dev Container","launch-binder-title":"Launch Binder","article-notebook-label":"Article Notebook","notebook-preview-download":"Download Notebook","notebook-preview-download-src":"Download Source","notebook-preview-back":"Back to Article","manuscript-meca-bundle":"MECA Bundle","section-title-abstract":"Abstract","section-title-appendices":"Appendices","section-title-footnotes":"Footnotes","section-title-references":"References","section-title-reuse":"Reuse","section-title-copyright":"Copyright","section-title-citation":"Citation","appendix-attribution-cite-as":"For attribution, please cite this work as:","appendix-attribution-bibtex":"BibTeX citation:","title-block-author-single":"Author","title-block-author-plural":"Authors","title-block-affiliation-single":"Affiliation","title-block-affiliation-plural":"Affiliations","title-block-published":"Published","title-block-modified":"Modified","title-block-keywords":"Keywords","callout-tip-title":"Tip","callout-note-title":"Note","callout-warning-title":"Warning","callout-important-title":"Important","callout-caution-title":"Caution","code-summary":"Code","code-tools-menu-caption":"Code","code-tools-show-all-code":"Show All Code","code-tools-hide-all-code":"Hide All Code","code-tools-view-source":"View Source","code-tools-source-code":"Source Code","tools-share":"Share","tools-download":"Download","code-line":"Line","code-lines":"Lines","copy-button-tooltip":"Copy to Clipboard","copy-button-tooltip-success":"Copied!","repo-action-links-edit":"Edit this page","repo-action-links-source":"View source","repo-action-links-issue":"Report an issue","back-to-top":"Back to top","search-no-results-text":"No results","search-matching-documents-text":"matching documents","search-copy-link-title":"Copy link to search","search-hide-matches-text":"Hide additional matches","search-more-match-text":"more match in this document","search-more-matches-text":"more matches in this document","search-clear-button-title":"Clear","search-text-placeholder":"","search-detached-cancel-button-title":"Cancel","search-submit-button-title":"Submit","search-label":"Search","toggle-section":"Toggle section","toggle-sidebar":"Toggle sidebar navigation","toggle-dark-mode":"Toggle dark mode","toggle-reader-mode":"Toggle reader mode","toggle-navigation":"Toggle navigation","crossref-fig-title":"Figure","crossref-tbl-title":"Table","crossref-lst-title":"Listing","crossref-thm-title":"Theorem","crossref-lem-title":"Lemma","crossref-cor-title":"Corollary","crossref-prp-title":"Proposition","crossref-cnj-title":"Conjecture","crossref-def-title":"Definition","crossref-exm-title":"Example","crossref-exr-title":"Exercise","crossref-ch-prefix":"Chapter","crossref-apx-prefix":"Appendix","crossref-sec-prefix":"Section","crossref-eq-prefix":"Equation","crossref-lof-title":"List of Figures","crossref-lot-title":"List of Tables","crossref-lol-title":"List of Listings","environment-proof-title":"Proof","environment-remark-title":"Remark","environment-solution-title":"Solution","listing-page-order-by":"Order By","listing-page-order-by-default":"Default","listing-page-order-by-date-asc":"Oldest","listing-page-order-by-date-desc":"Newest","listing-page-order-by-number-desc":"High to Low","listing-page-order-by-number-asc":"Low to High","listing-page-field-date":"Date","listing-page-field-title":"Title","listing-page-field-description":"Description","listing-page-field-author":"Author","listing-page-field-filename":"File Name","listing-page-field-filemodified":"Modified","listing-page-field-subtitle":"Subtitle","listing-page-field-readingtime":"Reading Time","listing-page-field-wordcount":"Word Count","listing-page-field-categories":"Categories","listing-page-minutes-compact":"{0} min","listing-page-category-all":"All","listing-page-no-matches":"No matching items","listing-page-words":"{0} words"},"metadata":{"lang":"en","fig-responsive":true,"quarto-version":"1.4.550","editor":"visual","theme":"cerulean","title":"Sample Lecture Notes","subtitle":"MAT 2630 Numerical Methods","date":"April 30, 2024","bibliography":["references.bib"]},"extensions":{"book":{"multiFile":true}}}},"projectFormats":["html"]}